index,Duomenų_pateikimo_data,Įstaigos_pavadinimas__pasirinkti_iš_sąrašo_,Respiratorius_FFP2__vnt_,Respiratorius_FFP3__vnt_,Veido_kaukės__vienkartinės___vnt_,Veido_skydai__vnt_,_Vienkartinės_kepuraitės__vnt_,_Apsauginiai_akiniai__vnt_,Vienkartiniai_kombinezonai,Vienkartiniai_medicininiai_chalatai,Antbačiai,Reagentai__vnt_,Kitos_rūšies_reagentai__vnt_,FID,insert_timestamp
0,1584748800000,VšĮ Vilkpėdės ligoninė,200,2,3150,15,4100,30,84,394,2640,0,0,1,2020-03-22 08:00:22.561299
1,1584662400000,VšĮ Naujininkų poliklinika,0,60,200,0,500,40,0,0,0,0,0,2,2020-03-22 08:00:22.561299
2,1584576000000,VšĮ Vilniaus miesto klinikinė ligoninė,0,350,62000,0,13000,218,97,1600,10000,0,0,3,2020-03-22 08:00:22.561299
3,1584662400000,VšĮ Karoliniškių poliklinika,1000,444,900,0,400,52,97,300,1000,20,0,4,2020-03-22 08:00:22.561299
4,1584835200000,VšĮ Šv. Roko ligoninė,4,20,2000,0,400,4,4,200,3000,0,0,5,2020-03-22 08:00:22.561299
5,1584662400000,VšĮ Antakalnio poliklinika,0,0,150,0,100,0,0,0,1000,0,0,6,2020-03-22 08:00:22.561299
6,1584662400000,VšĮ Lazdynų poliklinika,1000,300,1000,0,200,10,10,150,80,0,0,7,2020-03-22 08:00:22.561299
7,1584662400000,VšĮ Naujosios Vilnios poliklinika,0,0,800,0,300,17,0,0,0,0,0,8,2020-03-22 08:00:22.561299
8,1584662400000,VšĮ Greitosios medicinos pagalbos stotis,200,350,7000,0,200,140,0,0,0,0,0,9,2020-03-22 08:00:22.561299
9,1584662400000,VšĮ Šeškinės poliklinika,60,0,2000,0,150,25,0,0,0,0,0,10,2020-03-22 08:00:22.561299
10,1584662400000,VšĮ Mykolo Marcinkevičiaus ligoninė,80,25,4500,0,2000,50,10,1100,2000,0,0,11,2020-03-22 08:00:22.561299
11,1584662400000,VšĮ Vilniaus miesto psichikos sveikatos centras,39,10,400,10,39,22,0,0,0,0,0,12,2020-03-22 08:00:22.561299
12,1584662400000,"VšĮ Centro poliklinika, Dienos stacionaras",0,70,1500,80,3900,14,0,400,600,0,0,13,2020-03-22 08:00:22.561299
13,1584662400000,BĮ Vilniaus visuomenės sveikatos biuras,450,98,0,0,173,18,68,0,558,0,0,14,2020-03-22 08:00:22.561299
14,1584748800000,BĮ Vilniaus visuomenės sveikatos biuras,450,63,0,0,146,0,39,0,531,0,0,15,2020-03-22 08:00:22.561299
15,1584835200000,BĮ Vilniaus visuomenės sveikatos biuras,450,33,0,0,125,0,29,0,507,0,0,16,2020-03-22 08:00:22.561299
16,1584835200000,VšĮ Respublikinė Vilniaus universitetinė ligoninė,126,5,25950,0,17551,70,30,6126,72502,0,0,17,2020-03-22 08:00:22.561299
0,1584748800000,VšĮ Vilkpėdės ligoninė,200,2,3150,15,4100,30,84,394,2640,0,0,1,2020-03-22 08:04:02.890232
1,1584662400000,VšĮ Naujininkų poliklinika,0,60,200,0,500,40,0,0,0,0,0,2,2020-03-22 08:04:02.890232
2,1584576000000,VšĮ Vilniaus miesto klinikinė ligoninė,0,350,62000,0,13000,218,97,1600,10000,0,0,3,2020-03-22 08:04:02.890232
3,1584662400000,VšĮ Karoliniškių poliklinika,1000,444,900,0,400,52,97,300,1000,20,0,4,2020-03-22 08:04:02.890232
4,1584835200000,VšĮ Šv. Roko ligoninė,4,20,2000,0,400,4,4,200,3000,0,0,5,2020-03-22 08:04:02.890232
5,1584662400000,VšĮ Antakalnio poliklinika,0,0,150,0,100,0,0,0,1000,0,0,6,2020-03-22 08:04:02.890232
6,1584662400000,VšĮ Lazdynų poliklinika,1000,300,1000,0,200,10,10,150,80,0,0,7,2020-03-22 08:04:02.890232
7,1584662400000,VšĮ Naujosios Vilnios poliklinika,0,0,800,0,300,17,0,0,0,0,0,8,2020-03-22 08:04:02.890232
8,1584662400000,VšĮ Greitosios medicinos pagalbos stotis,200,350,7000,0,200,140,0,0,0,0,0,9,2020-03-22 08:04:02.890232
9,1584662400000,VšĮ Šeškinės poliklinika,60,0,2000,0,150,25,0,0,0,0,0,10,2020-03-22 08:04:02.890232
10,1584662400000,VšĮ Mykolo Marcinkevičiaus ligoninė,80,25,4500,0,2000,50,10,1100,2000,0,0,11,2020-03-22 08:04:02.890232
11,1584662400000,VšĮ Vilniaus miesto psichikos sveikatos centras,39,10,400,10,39,22,0,0,0,0,0,12,2020-03-22 08:04:02.890232
12,1584662400000,"VšĮ Centro poliklinika, Dienos stacionaras",0,70,1500,80,3900,14,0,400,600,0,0,13,2020-03-22 08:04:02.890232
13,1584662400000,BĮ Vilniaus visuomenės sveikatos biuras,450,98,0,0,173,18,68,0,558,0,0,14,2020-03-22 08:04:02.890232
14,1584748800000,BĮ Vilniaus visuomenės sveikatos biuras,450,63,0,0,146,0,39,0,531,0,0,15,2020-03-22 08:04:02.890232
15,1584835200000,BĮ Vilniaus visuomenės sveikatos biuras,450,33,0,0,125,0,29,0,507,0,0,16,2020-03-22 08:04:02.890232
16,1584835200000,VšĮ Respublikinė Vilniaus universitetinė ligoninė,126,5,25950,0,17551,70,30,6126,72502,0,0,17,2020-03-22 08:04:02.890232
0,1584748800000,VšĮ Vilkpėdės ligoninė,200,2,3150,15,4100,30,84,394,2640,0,0,1,2020-03-22 08:05:02.223899
1,1584662400000,VšĮ Naujininkų poliklinika,0,60,200,0,500,40,0,0,0,0,0,2,2020-03-22 08:05:02.223899
2,1584576000000,VšĮ Vilniaus miesto klinikinė ligoninė,0,350,62000,0,13000,218,97,1600,10000,0,0,3,2020-03-22 08:05:02.223899
3,1584662400000,VšĮ Karoliniškių poliklinika,1000,444,900,0,400,52,97,300,1000,20,0,4,2020-03-22 08:05:02.223899
4,1584835200000,VšĮ Šv. Roko ligoninė,4,20,2000,0,400,4,4,200,3000,0,0,5,2020-03-22 08:05:02.223899
5,1584662400000,VšĮ Antakalnio poliklinika,0,0,150,0,100,0,0,0,1000,0,0,6,2020-03-22 08:05:02.223899
6,1584662400000,VšĮ Lazdynų poliklinika,1000,300,1000,0,200,10,10,150,80,0,0,7,2020-03-22 08:05:02.223899
7,1584662400000,VšĮ Naujosios Vilnios poliklinika,0,0,800,0,300,17,0,0,0,0,0,8,2020-03-22 08:05:02.223899
8,1584662400000,VšĮ Greitosios medicinos pagalbos stotis,200,350,7000,0,200,140,0,0,0,0,0,9,2020-03-22 08:05:02.223899
9,1584662400000,VšĮ Šeškinės poliklinika,60,0,2000,0,150,25,0,0,0,0,0,10,2020-03-22 08:05:02.223899
10,1584662400000,VšĮ Mykolo Marcinkevičiaus ligoninė,80,25,4500,0,2000,50,10,1100,2000,0,0,11,2020-03-22 08:05:02.223899
11,1584662400000,VšĮ Vilniaus miesto psichikos sveikatos centras,39,10,400,10,39,22,0,0,0,0,0,12,2020-03-22 08:05:02.223899
12,1584662400000,"VšĮ Centro poliklinika, Dienos stacionaras",0,70,1500,80,3900,14,0,400,600,0,0,13,2020-03-22 08:05:02.223899
13,1584662400000,BĮ Vilniaus visuomenės sveikatos biuras,450,98,0,0,173,18,68,0,558,0,0,14,2020-03-22 08:05:02.223899
14,1584748800000,BĮ Vilniaus visuomenės sveikatos biuras,450,63,0,0,146,0,39,0,531,0,0,15,2020-03-22 08:05:02.223899
15,1584835200000,BĮ Vilniaus visuomenės sveikatos biuras,450,33,0,0,125,0,29,0,507,0,0,16,2020-03-22 08:05:02.223899
16,1584835200000,VšĮ Respublikinė Vilniaus universitetinė ligoninė,126,5,25950,0,17551,70,30,6126,72502,0,0,17,2020-03-22 08:05:02.223899
0,1584748800000,VšĮ Vilkpėdės ligoninė,200,2,3150,15,4100,30,84,394,2640,0,0,1,2020-03-22 08:06:02.734579
1,1584662400000,VšĮ Naujininkų poliklinika,0,60,200,0,500,40,0,0,0,0,0,2,2020-03-22 08:06:02.734579
2,1584576000000,VšĮ Vilniaus miesto klinikinė ligoninė,0,350,62000,0,13000,218,97,1600,10000,0,0,3,2020-03-22 08:06:02.734579
3,1584662400000,VšĮ Karoliniškių poliklinika,1000,444,900,0,400,52,97,300,1000,20,0,4,2020-03-22 08:06:02.734579
4,1584835200000,VšĮ Šv. Roko ligoninė,4,20,2000,0,400,4,4,200,3000,0,0,5,2020-03-22 08:06:02.734579
5,1584662400000,VšĮ Antakalnio poliklinika,0,0,150,0,100,0,0,0,1000,0,0,6,2020-03-22 08:06:02.734579
6,1584662400000,VšĮ Lazdynų poliklinika,1000,300,1000,0,200,10,10,150,80,0,0,7,2020-03-22 08:06:02.734579
7,1584662400000,VšĮ Naujosios Vilnios poliklinika,0,0,800,0,300,17,0,0,0,0,0,8,2020-03-22 08:06:02.734579
8,1584662400000,VšĮ Greitosios medicinos pagalbos stotis,200,350,7000,0,200,140,0,0,0,0,0,9,2020-03-22 08:06:02.734579
9,1584662400000,VšĮ Šeškinės poliklinika,60,0,2000,0,150,25,0,0,0,0,0,10,2020-03-22 08:06:02.734579
10,1584662400000,VšĮ Mykolo Marcinkevičiaus ligoninė,80,25,4500,0,2000,50,10,1100,2000,0,0,11,2020-03-22 08:06:02.734579
11,1584662400000,VšĮ Vilniaus miesto psichikos sveikatos centras,39,10,400,10,39,22,0,0,0,0,0,12,2020-03-22 08:06:02.734579
12,1584662400000,"VšĮ Centro poliklinika, Dienos stacionaras",0,70,1500,80,3900,14,0,400,600,0,0,13,2020-03-22 08:06:02.734579
13,1584662400000,BĮ Vilniaus visuomenės sveikatos biuras,450,98,0,0,173,18,68,0,558,0,0,14,2020-03-22 08:06:02.734579
14,1584748800000,BĮ Vilniaus visuomenės sveikatos biuras,450,63,0,0,146,0,39,0,531,0,0,15,2020-03-22 08:06:02.734579
15,1584835200000,BĮ Vilniaus visuomenės sveikatos biuras,450,33,0,0,125,0,29,0,507,0,0,16,2020-03-22 08:06:02.734579
16,1584835200000,VšĮ Respublikinė Vilniaus universitetinė ligoninė,126,5,25950,0,17551,70,30,6126,72502,0,0,17,2020-03-22 08:06:02.734579
0,1584748800000,VšĮ Vilkpėdės ligoninė,200,2,3150,15,4100,30,84,394,2640,0,0,1,2020-03-22 08:30:02.512191
1,1584662400000,VšĮ Naujininkų poliklinika,0,60,200,0,500,40,0,0,0,0,0,2,2020-03-22 08:30:02.512191
2,1584576000000,VšĮ Vilniaus miesto klinikinė ligoninė,0,350,62000,0,13000,218,97,1600,10000,0,0,3,2020-03-22 08:30:02.512191
3,1584662400000,VšĮ Karoliniškių poliklinika,1000,444,900,0,400,52,97,300,1000,20,0,4,2020-03-22 08:30:02.512191
4,1584835200000,VšĮ Šv. Roko ligoninė,4,20,2000,0,400,4,4,200,3000,0,0,5,2020-03-22 08:30:02.512191
5,1584662400000,VšĮ Antakalnio poliklinika,0,0,150,0,100,0,0,0,1000,0,0,6,2020-03-22 08:30:02.512191
6,1584662400000,VšĮ Lazdynų poliklinika,1000,300,1000,0,200,10,10,150,80,0,0,7,2020-03-22 08:30:02.512191
7,1584662400000,VšĮ Naujosios Vilnios poliklinika,0,0,800,0,300,17,0,0,0,0,0,8,2020-03-22 08:30:02.512191
8,1584662400000,VšĮ Greitosios medicinos pagalbos stotis,200,350,7000,0,200,140,0,0,0,0,0,9,2020-03-22 08:30:02.512191
9,1584662400000,VšĮ Šeškinės poliklinika,60,0,2000,0,150,25,0,0,0,0,0,10,2020-03-22 08:30:02.512191
10,1584662400000,VšĮ Mykolo Marcinkevičiaus ligoninė,80,25,4500,0,2000,50,10,1100,2000,0,0,11,2020-03-22 08:30:02.512191
11,1584662400000,VšĮ Vilniaus miesto psichikos sveikatos centras,39,10,400,10,39,22,0,0,0,0,0,12,2020-03-22 08:30:02.512191
12,1584662400000,"VšĮ Centro poliklinika, Dienos stacionaras",0,70,1500,80,3900,14,0,400,600,0,0,13,2020-03-22 08:30:02.512191
13,1584662400000,BĮ Vilniaus visuomenės sveikatos biuras,450,98,0,0,173,18,68,0,558,0,0,14,2020-03-22 08:30:02.512191
14,1584748800000,BĮ Vilniaus visuomenės sveikatos biuras,450,63,0,0,146,0,39,0,531,0,0,15,2020-03-22 08:30:02.512191
15,1584835200000,BĮ Vilniaus visuomenės sveikatos biuras,450,33,0,0,125,0,29,0,507,0,0,16,2020-03-22 08:30:02.512191
16,1584835200000,VšĮ Respublikinė Vilniaus universitetinė ligoninė,126,5,25950,0,17551,70,30,6126,72502,0,0,17,2020-03-22 08:30:02.512191
0,1584748800000,VšĮ Vilkpėdės ligoninė,200,2,3150,15,4100,30,84,394,2640,0,0,1,2020-03-22 09:00:04.070071
1,1584662400000,VšĮ Naujininkų poliklinika,0,60,200,0,500,40,0,0,0,0,0,2,2020-03-22 09:00:04.070071
2,1584576000000,VšĮ Vilniaus miesto klinikinė ligoninė,0,350,62000,0,13000,218,97,1600,10000,0,0,3,2020-03-22 09:00:04.070071
3,1584662400000,VšĮ Karoliniškių poliklinika,1000,444,900,0,400,52,97,300,1000,20,0,4,2020-03-22 09:00:04.070071
4,1584835200000,VšĮ Šv. Roko ligoninė,4,20,2000,0,400,4,4,200,3000,0,0,5,2020-03-22 09:00:04.070071
5,1584662400000,VšĮ Antakalnio poliklinika,0,0,150,0,100,0,0,0,1000,0,0,6,2020-03-22 09:00:04.070071
6,1584662400000,VšĮ Lazdynų poliklinika,1000,300,1000,0,200,10,10,150,80,0,0,7,2020-03-22 09:00:04.070071
7,1584662400000,VšĮ Naujosios Vilnios poliklinika,0,0,800,0,300,17,0,0,0,0,0,8,2020-03-22 09:00:04.070071
8,1584662400000,VšĮ Greitosios medicinos pagalbos stotis,200,350,7000,0,200,140,0,0,0,0,0,9,2020-03-22 09:00:04.070071
9,1584662400000,VšĮ Šeškinės poliklinika,60,0,2000,0,150,25,0,0,0,0,0,10,2020-03-22 09:00:04.070071
10,1584662400000,VšĮ Mykolo Marcinkevičiaus ligoninė,80,25,4500,0,2000,50,10,1100,2000,0,0,11,2020-03-22 09:00:04.070071
11,1584662400000,VšĮ Vilniaus miesto psichikos sveikatos centras,39,10,400,10,39,22,0,0,0,0,0,12,2020-03-22 09:00:04.070071
12,1584662400000,"VšĮ Centro poliklinika, Dienos stacionaras",0,70,1500,80,3900,14,0,400,600,0,0,13,2020-03-22 09:00:04.070071
13,1584662400000,BĮ Vilniaus visuomenės sveikatos biuras,450,98,0,0,173,18,68,0,558,0,0,14,2020-03-22 09:00:04.070071
14,1584748800000,BĮ Vilniaus visuomenės sveikatos biuras,450,63,0,0,146,0,39,0,531,0,0,15,2020-03-22 09:00:04.070071
15,1584835200000,BĮ Vilniaus visuomenės sveikatos biuras,450,33,0,0,125,0,29,0,507,0,0,16,2020-03-22 09:00:04.070071
16,1584835200000,VšĮ Respublikinė Vilniaus universitetinė ligoninė,126,5,25950,0,17551,70,30,6126,72502,0,0,17,2020-03-22 09:00:04.070071
0,1584748800000,VšĮ Vilkpėdės ligoninė,200,2,3150,15,4100,30,84,394,2640,0,0,1,2020-03-22 10:00:05.258430
1,1584662400000,VšĮ Naujininkų poliklinika,0,60,200,0,500,40,0,0,0,0,0,2,2020-03-22 10:00:05.258430
2,1584576000000,VšĮ Vilniaus miesto klinikinė ligoninė,0,350,62000,0,13000,218,97,1600,10000,0,0,3,2020-03-22 10:00:05.258430
3,1584662400000,VšĮ Karoliniškių poliklinika,1000,444,900,0,400,52,97,300,1000,20,0,4,2020-03-22 10:00:05.258430
4,1584835200000,VšĮ Šv. Roko ligoninė,4,20,2000,0,400,4,4,200,3000,0,0,5,2020-03-22 10:00:05.258430
5,1584662400000,VšĮ Antakalnio poliklinika,0,0,150,0,100,0,0,0,1000,0,0,6,2020-03-22 10:00:05.258430
6,1584662400000,VšĮ Lazdynų poliklinika,1000,300,1000,0,200,10,10,150,80,0,0,7,2020-03-22 10:00:05.258430
7,1584662400000,VšĮ Naujosios Vilnios poliklinika,0,0,800,0,300,17,0,0,0,0,0,8,2020-03-22 10:00:05.258430
8,1584662400000,VšĮ Greitosios medicinos pagalbos stotis,200,350,7000,0,200,140,0,0,0,0,0,9,2020-03-22 10:00:05.258430
9,1584662400000,VšĮ Šeškinės poliklinika,60,0,2000,0,150,25,0,0,0,0,0,10,2020-03-22 10:00:05.258430
10,1584662400000,VšĮ Mykolo Marcinkevičiaus ligoninė,80,25,4500,0,2000,50,10,1100,2000,0,0,11,2020-03-22 10:00:05.258430
11,1584662400000,VšĮ Vilniaus miesto psichikos sveikatos centras,39,10,400,10,39,22,0,0,0,0,0,12,2020-03-22 10:00:05.258430
12,1584662400000,"VšĮ Centro poliklinika, Dienos stacionaras",0,70,1500,80,3900,14,0,400,600,0,0,13,2020-03-22 10:00:05.258430
13,1584662400000,BĮ Vilniaus visuomenės sveikatos biuras,450,98,0,0,173,18,68,0,558,0,0,14,2020-03-22 10:00:05.258430
14,1584748800000,BĮ Vilniaus visuomenės sveikatos biuras,450,63,0,0,146,0,39,0,531,0,0,15,2020-03-22 10:00:05.258430
15,1584835200000,BĮ Vilniaus visuomenės sveikatos biuras,450,33,0,0,125,0,29,0,507,0,0,16,2020-03-22 10:00:05.258430
16,1584835200000,VšĮ Respublikinė Vilniaus universitetinė ligoninė,126,5,25950,0,17551,70,30,6126,72502,0,0,17,2020-03-22 10:00:05.258430
0,1584748800000,VšĮ Vilkpėdės ligoninė,200,2,3150,15,4100,30,84,394,2640,0,0,1,2020-03-22 10:04:53.038326
1,1584662400000,VšĮ Naujininkų poliklinika,0,60,200,0,500,40,0,0,0,0,0,2,2020-03-22 10:04:53.038326
2,1584576000000,VšĮ Vilniaus miesto klinikinė ligoninė,0,350,62000,0,13000,218,97,1600,10000,0,0,3,2020-03-22 10:04:53.038326
3,1584662400000,VšĮ Karoliniškių poliklinika,1000,444,900,0,400,52,97,300,1000,20,0,4,2020-03-22 10:04:53.038326
4,1584835200000,VšĮ Šv. Roko ligoninė,4,20,2000,0,400,4,4,200,3000,0,0,5,2020-03-22 10:04:53.038326
5,1584662400000,VšĮ Antakalnio poliklinika,0,0,150,0,100,0,0,0,1000,0,0,6,2020-03-22 10:04:53.038326
6,1584662400000,VšĮ Lazdynų poliklinika,1000,300,1000,0,200,10,10,150,80,0,0,7,2020-03-22 10:04:53.038326
7,1584662400000,VšĮ Naujosios Vilnios poliklinika,0,0,800,0,300,17,0,0,0,0,0,8,2020-03-22 10:04:53.038326
8,1584662400000,VšĮ Greitosios medicinos pagalbos stotis,200,350,7000,0,200,140,0,0,0,0,0,9,2020-03-22 10:04:53.038326
9,1584662400000,VšĮ Šeškinės poliklinika,60,0,2000,0,150,25,0,0,0,0,0,10,2020-03-22 10:04:53.038326
10,1584662400000,VšĮ Mykolo Marcinkevičiaus ligoninė,80,25,4500,0,2000,50,10,1100,2000,0,0,11,2020-03-22 10:04:53.038326
11,1584662400000,VšĮ Vilniaus miesto psichikos sveikatos centras,39,10,400,10,39,22,0,0,0,0,0,12,2020-03-22 10:04:53.038326
12,1584662400000,"VšĮ Centro poliklinika, Dienos stacionaras",0,70,1500,80,3900,14,0,400,600,0,0,13,2020-03-22 10:04:53.038326
13,1584662400000,BĮ Vilniaus visuomenės sveikatos biuras,450,98,0,0,173,18,68,0,558,0,0,14,2020-03-22 10:04:53.038326
14,1584748800000,BĮ Vilniaus visuomenės sveikatos biuras,450,63,0,0,146,0,39,0,531,0,0,15,2020-03-22 10:04:53.038326
15,1584835200000,BĮ Vilniaus visuomenės sveikatos biuras,450,33,0,0,125,0,29,0,507,0,0,16,2020-03-22 10:04:53.038326
16,1584835200000,VšĮ Respublikinė Vilniaus universitetinė ligoninė,126,5,25950,0,17551,70,30,6126,72502,0,0,17,2020-03-22 10:04:53.038326
0,1584748800000,VšĮ Vilkpėdės ligoninė,200,2,3150,15,4100,30,84,394,2640,0,0,1,2020-03-22 10:14:18.891341
1,1584662400000,VšĮ Naujininkų poliklinika,0,60,200,0,500,40,0,0,0,0,0,2,2020-03-22 10:14:18.891341
2,1584576000000,VšĮ Vilniaus miesto klinikinė ligoninė,0,350,62000,0,13000,218,97,1600,10000,0,0,3,2020-03-22 10:14:18.891341
3,1584662400000,VšĮ Karoliniškių poliklinika,1000,444,900,0,400,52,97,300,1000,20,0,4,2020-03-22 10:14:18.891341
4,1584835200000,VšĮ Šv. Roko ligoninė,4,20,2000,0,400,4,4,200,3000,0,0,5,2020-03-22 10:14:18.891341
5,1584662400000,VšĮ Antakalnio poliklinika,0,0,150,0,100,0,0,0,1000,0,0,6,2020-03-22 10:14:18.891341
6,1584662400000,VšĮ Lazdynų poliklinika,1000,300,1000,0,200,10,10,150,80,0,0,7,2020-03-22 10:14:18.891341
7,1584662400000,VšĮ Naujosios Vilnios poliklinika,0,0,800,0,300,17,0,0,0,0,0,8,2020-03-22 10:14:18.891341
8,1584662400000,VšĮ Greitosios medicinos pagalbos stotis,200,350,7000,0,200,140,0,0,0,0,0,9,2020-03-22 10:14:18.891341
9,1584662400000,VšĮ Šeškinės poliklinika,60,0,2000,0,150,25,0,0,0,0,0,10,2020-03-22 10:14:18.891341
10,1584662400000,VšĮ Mykolo Marcinkevičiaus ligoninė,80,25,4500,0,2000,50,10,1100,2000,0,0,11,2020-03-22 10:14:18.891341
11,1584662400000,VšĮ Vilniaus miesto psichikos sveikatos centras,39,10,400,10,39,22,0,0,0,0,0,12,2020-03-22 10:14:18.891341
12,1584662400000,"VšĮ Centro poliklinika, Dienos stacionaras",0,70,1500,80,3900,14,0,400,600,0,0,13,2020-03-22 10:14:18.891341
13,1584662400000,BĮ Vilniaus visuomenės sveikatos biuras,450,98,0,0,173,18,68,0,558,0,0,14,2020-03-22 10:14:18.891341
14,1584748800000,BĮ Vilniaus visuomenės sveikatos biuras,450,63,0,0,146,0,39,0,531,0,0,15,2020-03-22 10:14:18.891341
15,1584835200000,BĮ Vilniaus visuomenės sveikatos biuras,450,33,0,0,125,0,29,0,507,0,0,16,2020-03-22 10:14:18.891341
16,1584835200000,VšĮ Respublikinė Vilniaus universitetinė ligoninė,126,5,25950,0,17551,70,30,6126,72502,0,0,17,2020-03-22 10:14:18.891341
0,1584748800000,VšĮ Vilkpėdės ligoninė,200,2,3150,15,4100,30,84,394,2640,0,0,1,2020-03-22 11:00:17.172923
1,1584662400000,VšĮ Naujininkų poliklinika,0,60,200,0,500,40,0,0,0,0,0,2,2020-03-22 11:00:17.172923
2,1584576000000,VšĮ Vilniaus miesto klinikinė ligoninė,0,350,62000,0,13000,218,97,1600,10000,0,0,3,2020-03-22 11:00:17.172923
3,1584662400000,VšĮ Karoliniškių poliklinika,1000,444,900,0,400,52,97,300,1000,20,0,4,2020-03-22 11:00:17.172923
4,1584835200000,VšĮ Šv. Roko ligoninė,4,20,2000,0,400,4,4,200,3000,0,0,5,2020-03-22 11:00:17.172923
5,1584662400000,VšĮ Antakalnio poliklinika,0,0,150,0,100,0,0,0,1000,0,0,6,2020-03-22 11:00:17.172923
6,1584662400000,VšĮ Lazdynų poliklinika,1000,300,1000,0,200,10,10,150,80,0,0,7,2020-03-22 11:00:17.172923
7,1584662400000,VšĮ Naujosios Vilnios poliklinika,0,0,800,0,300,17,0,0,0,0,0,8,2020-03-22 11:00:17.172923
8,1584662400000,VšĮ Greitosios medicinos pagalbos stotis,200,350,7000,0,200,140,0,0,0,0,0,9,2020-03-22 11:00:17.172923
9,1584662400000,VšĮ Šeškinės poliklinika,60,0,2000,0,150,25,0,0,0,0,0,10,2020-03-22 11:00:17.172923
10,1584662400000,VšĮ Mykolo Marcinkevičiaus ligoninė,80,25,4500,0,2000,50,10,1100,2000,0,0,11,2020-03-22 11:00:17.172923
11,1584662400000,VšĮ Vilniaus miesto psichikos sveikatos centras,39,10,400,10,39,22,0,0,0,0,0,12,2020-03-22 11:00:17.172923
12,1584662400000,"VšĮ Centro poliklinika, Dienos stacionaras",0,70,1500,80,3900,14,0,400,600,0,0,13,2020-03-22 11:00:17.172923
13,1584662400000,BĮ Vilniaus visuomenės sveikatos biuras,450,98,0,0,173,18,68,0,558,0,0,14,2020-03-22 11:00:17.172923
14,1584748800000,BĮ Vilniaus visuomenės sveikatos biuras,450,63,0,0,146,0,39,0,531,0,0,15,2020-03-22 11:00:17.172923
15,1584835200000,BĮ Vilniaus visuomenės sveikatos biuras,450,33,0,0,125,0,29,0,507,0,0,16,2020-03-22 11:00:17.172923
16,1584835200000,VšĮ Respublikinė Vilniaus universitetinė ligoninė,126,5,25950,0,17551,70,30,6126,72502,0,0,17,2020-03-22 11:00:17.172923
0,1584748800000,VšĮ Vilkpėdės ligoninė,200,2,3150,15,4100,30,84,394,2640,0,0,1,2020-03-22 12:00:04.683236
1,1584662400000,VšĮ Naujininkų poliklinika,0,60,200,0,500,40,0,0,0,0,0,2,2020-03-22 12:00:04.683236
2,1584576000000,VšĮ Vilniaus miesto klinikinė ligoninė,0,350,62000,0,13000,218,97,1600,10000,0,0,3,2020-03-22 12:00:04.683236
3,1584662400000,VšĮ Karoliniškių poliklinika,1000,444,900,0,400,52,97,300,1000,20,0,4,2020-03-22 12:00:04.683236
4,1584835200000,VšĮ Šv. Roko ligoninė,4,20,2000,0,400,4,4,200,3000,0,0,5,2020-03-22 12:00:04.683236
5,1584662400000,VšĮ Antakalnio poliklinika,0,0,150,0,100,0,0,0,1000,0,0,6,2020-03-22 12:00:04.683236
6,1584662400000,VšĮ Lazdynų poliklinika,1000,300,1000,0,200,10,10,150,80,0,0,7,2020-03-22 12:00:04.683236
7,1584662400000,VšĮ Naujosios Vilnios poliklinika,0,0,800,0,300,17,0,0,0,0,0,8,2020-03-22 12:00:04.683236
8,1584662400000,VšĮ Greitosios medicinos pagalbos stotis,200,350,7000,0,200,140,0,0,0,0,0,9,2020-03-22 12:00:04.683236
9,1584662400000,VšĮ Šeškinės poliklinika,60,0,2000,0,150,25,0,0,0,0,0,10,2020-03-22 12:00:04.683236
10,1584662400000,VšĮ Mykolo Marcinkevičiaus ligoninė,80,25,4500,0,2000,50,10,1100,2000,0,0,11,2020-03-22 12:00:04.683236
11,1584662400000,VšĮ Vilniaus miesto psichikos sveikatos centras,39,10,400,10,39,22,0,0,0,0,0,12,2020-03-22 12:00:04.683236
12,1584662400000,"VšĮ Centro poliklinika, Dienos stacionaras",0,70,1500,80,3900,14,0,400,600,0,0,13,2020-03-22 12:00:04.683236
13,1584662400000,BĮ Vilniaus visuomenės sveikatos biuras,450,98,0,0,173,18,68,0,558,0,0,14,2020-03-22 12:00:04.683236
14,1584748800000,BĮ Vilniaus visuomenės sveikatos biuras,450,63,0,0,146,0,39,0,531,0,0,15,2020-03-22 12:00:04.683236
15,1584835200000,BĮ Vilniaus visuomenės sveikatos biuras,450,33,0,0,125,0,29,0,507,0,0,16,2020-03-22 12:00:04.683236
16,1584835200000,VšĮ Respublikinė Vilniaus universitetinė ligoninė,126,5,25950,0,17551,70,30,6126,72502,0,0,17,2020-03-22 12:00:04.683236
0,1584748800000,VšĮ Vilkpėdės ligoninė,200,2,3150,15,4100,30,84,394,2640,0,0,1,2020-03-22 13:00:05.282878
1,1584662400000,VšĮ Naujininkų poliklinika,0,60,200,0,500,40,0,0,0,0,0,2,2020-03-22 13:00:05.282878
2,1584576000000,VšĮ Vilniaus miesto klinikinė ligoninė,0,350,62000,0,13000,218,97,1600,10000,0,0,3,2020-03-22 13:00:05.282878
3,1584662400000,VšĮ Karoliniškių poliklinika,1000,444,900,0,400,52,97,300,1000,20,0,4,2020-03-22 13:00:05.282878
4,1584835200000,VšĮ Šv. Roko ligoninė,4,20,2000,0,400,4,4,200,3000,0,0,5,2020-03-22 13:00:05.282878
5,1584662400000,VšĮ Antakalnio poliklinika,0,0,150,0,100,0,0,0,1000,0,0,6,2020-03-22 13:00:05.282878
6,1584662400000,VšĮ Lazdynų poliklinika,1000,300,1000,0,200,10,10,150,80,0,0,7,2020-03-22 13:00:05.282878
7,1584662400000,VšĮ Naujosios Vilnios poliklinika,0,0,800,0,300,17,0,0,0,0,0,8,2020-03-22 13:00:05.282878
8,1584662400000,VšĮ Greitosios medicinos pagalbos stotis,200,350,7000,0,200,140,0,0,0,0,0,9,2020-03-22 13:00:05.282878
9,1584662400000,VšĮ Šeškinės poliklinika,60,0,2000,0,150,25,0,0,0,0,0,10,2020-03-22 13:00:05.282878
10,1584662400000,VšĮ Mykolo Marcinkevičiaus ligoninė,80,25,4500,0,2000,50,10,1100,2000,0,0,11,2020-03-22 13:00:05.282878
11,1584662400000,VšĮ Vilniaus miesto psichikos sveikatos centras,39,10,400,10,39,22,0,0,0,0,0,12,2020-03-22 13:00:05.282878
12,1584662400000,"VšĮ Centro poliklinika, Dienos stacionaras",0,70,1500,80,3900,14,0,400,600,0,0,13,2020-03-22 13:00:05.282878
13,1584662400000,BĮ Vilniaus visuomenės sveikatos biuras,450,98,0,0,173,18,68,0,558,0,0,14,2020-03-22 13:00:05.282878
14,1584748800000,BĮ Vilniaus visuomenės sveikatos biuras,450,63,0,0,146,0,39,0,531,0,0,15,2020-03-22 13:00:05.282878
15,1584835200000,BĮ Vilniaus visuomenės sveikatos biuras,450,33,0,0,125,0,29,0,507,0,0,16,2020-03-22 13:00:05.282878
16,1584835200000,VšĮ Respublikinė Vilniaus universitetinė ligoninė,126,5,25950,0,17551,70,30,6126,72502,0,0,17,2020-03-22 13:00:05.282878
0,1584748800000,VšĮ Vilkpėdės ligoninė,200,2,3150,15,4100,30,84,394,2640,0,0,1,2020-03-22 14:00:03.288178
1,1584662400000,VšĮ Naujininkų poliklinika,0,60,200,0,500,40,0,0,0,0,0,2,2020-03-22 14:00:03.288178
2,1584576000000,VšĮ Vilniaus miesto klinikinė ligoninė,0,350,62000,0,13000,218,97,1600,10000,0,0,3,2020-03-22 14:00:03.288178
3,1584662400000,VšĮ Karoliniškių poliklinika,1000,444,900,0,400,52,97,300,1000,20,0,4,2020-03-22 14:00:03.288178
4,1584835200000,VšĮ Šv. Roko ligoninė,4,20,2000,0,400,4,4,200,3000,0,0,5,2020-03-22 14:00:03.288178
5,1584662400000,VšĮ Antakalnio poliklinika,0,0,150,0,100,0,0,0,1000,0,0,6,2020-03-22 14:00:03.288178
6,1584662400000,VšĮ Lazdynų poliklinika,1000,300,1000,0,200,10,10,150,80,0,0,7,2020-03-22 14:00:03.288178
7,1584662400000,VšĮ Naujosios Vilnios poliklinika,0,0,800,0,300,17,0,0,0,0,0,8,2020-03-22 14:00:03.288178
8,1584662400000,VšĮ Greitosios medicinos pagalbos stotis,200,350,7000,0,200,140,0,0,0,0,0,9,2020-03-22 14:00:03.288178
9,1584662400000,VšĮ Šeškinės poliklinika,60,0,2000,0,150,25,0,0,0,0,0,10,2020-03-22 14:00:03.288178
10,1584662400000,VšĮ Mykolo Marcinkevičiaus ligoninė,80,25,4500,0,2000,50,10,1100,2000,0,0,11,2020-03-22 14:00:03.288178
11,1584662400000,VšĮ Vilniaus miesto psichikos sveikatos centras,39,10,400,10,39,22,0,0,0,0,0,12,2020-03-22 14:00:03.288178
12,1584662400000,"VšĮ Centro poliklinika, Dienos stacionaras",0,70,1500,80,3900,14,0,400,600,0,0,13,2020-03-22 14:00:03.288178
13,1584662400000,BĮ Vilniaus visuomenės sveikatos biuras,450,98,0,0,173,18,68,0,558,0,0,14,2020-03-22 14:00:03.288178
14,1584748800000,BĮ Vilniaus visuomenės sveikatos biuras,450,63,0,0,146,0,39,0,531,0,0,15,2020-03-22 14:00:03.288178
15,1584835200000,BĮ Vilniaus visuomenės sveikatos biuras,450,33,0,0,125,0,29,0,507,0,0,16,2020-03-22 14:00:03.288178
16,1584835200000,VšĮ Respublikinė Vilniaus universitetinė ligoninė,126,5,25950,0,17551,70,30,6126,72502,0,0,17,2020-03-22 14:00:03.288178
0,1584748800000,VšĮ Vilkpėdės ligoninė,200,2,3150,15,4100,30,84,394,2640,0,0,1,2020-03-22 15:00:03.751406
1,1584662400000,VšĮ Naujininkų poliklinika,0,60,200,0,500,40,0,0,0,0,0,2,2020-03-22 15:00:03.751406
2,1584576000000,VšĮ Vilniaus miesto klinikinė ligoninė,0,350,62000,0,13000,218,97,1600,10000,0,0,3,2020-03-22 15:00:03.751406
3,1584662400000,VšĮ Karoliniškių poliklinika,1000,444,900,0,400,52,97,300,1000,20,0,4,2020-03-22 15:00:03.751406
4,1584835200000,VšĮ Šv. Roko ligoninė,4,20,2000,0,400,4,4,200,3000,0,0,5,2020-03-22 15:00:03.751406
5,1584662400000,VšĮ Antakalnio poliklinika,0,0,150,0,100,0,0,0,1000,0,0,6,2020-03-22 15:00:03.751406
6,1584662400000,VšĮ Lazdynų poliklinika,1000,300,1000,0,200,10,10,150,80,0,0,7,2020-03-22 15:00:03.751406
7,1584662400000,VšĮ Naujosios Vilnios poliklinika,0,0,800,0,300,17,0,0,0,0,0,8,2020-03-22 15:00:03.751406
8,1584662400000,VšĮ Greitosios medicinos pagalbos stotis,200,350,7000,0,200,140,0,0,0,0,0,9,2020-03-22 15:00:03.751406
9,1584662400000,VšĮ Šeškinės poliklinika,60,0,2000,0,150,25,0,0,0,0,0,10,2020-03-22 15:00:03.751406
10,1584662400000,VšĮ Mykolo Marcinkevičiaus ligoninė,80,25,4500,0,2000,50,10,1100,2000,0,0,11,2020-03-22 15:00:03.751406
11,1584662400000,VšĮ Vilniaus miesto psichikos sveikatos centras,39,10,400,10,39,22,0,0,0,0,0,12,2020-03-22 15:00:03.751406
12,1584662400000,"VšĮ Centro poliklinika, Dienos stacionaras",0,70,1500,80,3900,14,0,400,600,0,0,13,2020-03-22 15:00:03.751406
13,1584662400000,BĮ Vilniaus visuomenės sveikatos biuras,450,98,0,0,173,18,68,0,558,0,0,14,2020-03-22 15:00:03.751406
14,1584748800000,BĮ Vilniaus visuomenės sveikatos biuras,450,63,0,0,146,0,39,0,531,0,0,15,2020-03-22 15:00:03.751406
15,1584835200000,BĮ Vilniaus visuomenės sveikatos biuras,450,33,0,0,125,0,29,0,507,0,0,16,2020-03-22 15:00:03.751406
16,1584835200000,VšĮ Respublikinė Vilniaus universitetinė ligoninė,126,5,25950,0,17551,70,30,6126,72502,0,0,17,2020-03-22 15:00:03.751406
0,1584748800000,VšĮ Vilkpėdės ligoninė,200,2,3150,15,4100,30,84,394,2640,0,0,1,2020-03-22 16:00:04.284595
1,1584662400000,VšĮ Naujininkų poliklinika,0,60,200,0,500,40,0,0,0,0,0,2,2020-03-22 16:00:04.284595
2,1584576000000,VšĮ Vilniaus miesto klinikinė ligoninė,0,350,62000,0,13000,218,97,1600,10000,0,0,3,2020-03-22 16:00:04.284595
3,1584662400000,VšĮ Karoliniškių poliklinika,1000,444,900,0,400,52,97,300,1000,20,0,4,2020-03-22 16:00:04.284595
4,1584835200000,VšĮ Šv. Roko ligoninė,4,20,2000,0,400,4,4,200,3000,0,0,5,2020-03-22 16:00:04.284595
5,1584662400000,VšĮ Antakalnio poliklinika,0,0,150,0,100,0,0,0,1000,0,0,6,2020-03-22 16:00:04.284595
6,1584662400000,VšĮ Lazdynų poliklinika,1000,300,1000,0,200,10,10,150,80,0,0,7,2020-03-22 16:00:04.284595
7,1584662400000,VšĮ Naujosios Vilnios poliklinika,0,0,800,0,300,17,0,0,0,0,0,8,2020-03-22 16:00:04.284595
8,1584662400000,VšĮ Greitosios medicinos pagalbos stotis,200,350,7000,0,200,140,0,0,0,0,0,9,2020-03-22 16:00:04.284595
9,1584662400000,VšĮ Šeškinės poliklinika,60,0,2000,0,150,25,0,0,0,0,0,10,2020-03-22 16:00:04.284595
10,1584662400000,VšĮ Mykolo Marcinkevičiaus ligoninė,80,25,4500,0,2000,50,10,1100,2000,0,0,11,2020-03-22 16:00:04.284595
11,1584662400000,VšĮ Vilniaus miesto psichikos sveikatos centras,39,10,400,10,39,22,0,0,0,0,0,12,2020-03-22 16:00:04.284595
12,1584662400000,"VšĮ Centro poliklinika, Dienos stacionaras",0,70,1500,80,3900,14,0,400,600,0,0,13,2020-03-22 16:00:04.284595
13,1584662400000,BĮ Vilniaus visuomenės sveikatos biuras,450,98,0,0,173,18,68,0,558,0,0,14,2020-03-22 16:00:04.284595
14,1584748800000,BĮ Vilniaus visuomenės sveikatos biuras,450,63,0,0,146,0,39,0,531,0,0,15,2020-03-22 16:00:04.284595
15,1584835200000,BĮ Vilniaus visuomenės sveikatos biuras,450,33,0,0,125,0,29,0,507,0,0,16,2020-03-22 16:00:04.284595
16,1584835200000,VšĮ Respublikinė Vilniaus universitetinė ligoninė,126,5,25950,0,17551,70,30,6126,72502,0,0,17,2020-03-22 16:00:04.284595
0,1584748800000,VšĮ Vilkpėdės ligoninė,200,2,3150,15,4100,30,84,394,2640,0,0,1,2020-03-22 17:00:03.882048
1,1584662400000,VšĮ Naujininkų poliklinika,0,60,200,0,500,40,0,0,0,0,0,2,2020-03-22 17:00:03.882048
2,1584576000000,VšĮ Vilniaus miesto klinikinė ligoninė,0,350,62000,0,13000,218,97,1600,10000,0,0,3,2020-03-22 17:00:03.882048
3,1584662400000,VšĮ Karoliniškių poliklinika,1000,444,900,0,400,52,97,300,1000,20,0,4,2020-03-22 17:00:03.882048
4,1584835200000,VšĮ Šv. Roko ligoninė,4,20,2000,0,400,4,4,200,3000,0,0,5,2020-03-22 17:00:03.882048
5,1584662400000,VšĮ Antakalnio poliklinika,0,0,150,0,100,0,0,0,1000,0,0,6,2020-03-22 17:00:03.882048
6,1584662400000,VšĮ Lazdynų poliklinika,1000,300,1000,0,200,10,10,150,80,0,0,7,2020-03-22 17:00:03.882048
7,1584662400000,VšĮ Naujosios Vilnios poliklinika,0,0,800,0,300,17,0,0,0,0,0,8,2020-03-22 17:00:03.882048
8,1584662400000,VšĮ Greitosios medicinos pagalbos stotis,200,350,7000,0,200,140,0,0,0,0,0,9,2020-03-22 17:00:03.882048
9,1584662400000,VšĮ Šeškinės poliklinika,60,0,2000,0,150,25,0,0,0,0,0,10,2020-03-22 17:00:03.882048
10,1584662400000,VšĮ Mykolo Marcinkevičiaus ligoninė,80,25,4500,0,2000,50,10,1100,2000,0,0,11,2020-03-22 17:00:03.882048
11,1584662400000,VšĮ Vilniaus miesto psichikos sveikatos centras,39,10,400,10,39,22,0,0,0,0,0,12,2020-03-22 17:00:03.882048
12,1584662400000,"VšĮ Centro poliklinika, Dienos stacionaras",0,70,1500,80,3900,14,0,400,600,0,0,13,2020-03-22 17:00:03.882048
13,1584662400000,BĮ Vilniaus visuomenės sveikatos biuras,450,98,0,0,173,18,68,0,558,0,0,14,2020-03-22 17:00:03.882048
14,1584748800000,BĮ Vilniaus visuomenės sveikatos biuras,450,63,0,0,146,0,39,0,531,0,0,15,2020-03-22 17:00:03.882048
15,1584835200000,BĮ Vilniaus visuomenės sveikatos biuras,450,33,0,0,125,0,29,0,507,0,0,16,2020-03-22 17:00:03.882048
16,1584835200000,VšĮ Respublikinė Vilniaus universitetinė ligoninė,126,5,25950,0,17551,70,30,6126,72502,0,0,17,2020-03-22 17:00:03.882048
0,1584748800000,VšĮ Vilkpėdės ligoninė,200,2,3150,15,4100,30,84,394,2640,0,0,1,2020-03-22 18:00:02.808514
1,1584662400000,VšĮ Naujininkų poliklinika,0,60,200,0,500,40,0,0,0,0,0,2,2020-03-22 18:00:02.808514
2,1584576000000,VšĮ Vilniaus miesto klinikinė ligoninė,0,350,62000,0,13000,218,97,1600,10000,0,0,3,2020-03-22 18:00:02.808514
3,1584662400000,VšĮ Karoliniškių poliklinika,1000,444,900,0,400,52,97,300,1000,20,0,4,2020-03-22 18:00:02.808514
4,1584835200000,VšĮ Šv. Roko ligoninė,4,20,2000,0,400,4,4,200,3000,0,0,5,2020-03-22 18:00:02.808514
5,1584662400000,VšĮ Antakalnio poliklinika,0,0,150,0,100,0,0,0,1000,0,0,6,2020-03-22 18:00:02.808514
6,1584662400000,VšĮ Lazdynų poliklinika,1000,300,1000,0,200,10,10,150,80,0,0,7,2020-03-22 18:00:02.808514
7,1584662400000,VšĮ Naujosios Vilnios poliklinika,0,0,800,0,300,17,0,0,0,0,0,8,2020-03-22 18:00:02.808514
8,1584662400000,VšĮ Greitosios medicinos pagalbos stotis,200,350,7000,0,200,140,0,0,0,0,0,9,2020-03-22 18:00:02.808514
9,1584662400000,VšĮ Šeškinės poliklinika,60,0,2000,0,150,25,0,0,0,0,0,10,2020-03-22 18:00:02.808514
10,1584662400000,VšĮ Mykolo Marcinkevičiaus ligoninė,80,25,4500,0,2000,50,10,1100,2000,0,0,11,2020-03-22 18:00:02.808514
11,1584662400000,VšĮ Vilniaus miesto psichikos sveikatos centras,39,10,400,10,39,22,0,0,0,0,0,12,2020-03-22 18:00:02.808514
12,1584662400000,"VšĮ Centro poliklinika, Dienos stacionaras",0,70,1500,80,3900,14,0,400,600,0,0,13,2020-03-22 18:00:02.808514
13,1584662400000,BĮ Vilniaus visuomenės sveikatos biuras,450,98,0,0,173,18,68,0,558,0,0,14,2020-03-22 18:00:02.808514
14,1584748800000,BĮ Vilniaus visuomenės sveikatos biuras,450,63,0,0,146,0,39,0,531,0,0,15,2020-03-22 18:00:02.808514
15,1584835200000,BĮ Vilniaus visuomenės sveikatos biuras,450,33,0,0,125,0,29,0,507,0,0,16,2020-03-22 18:00:02.808514
16,1584835200000,VšĮ Respublikinė Vilniaus universitetinė ligoninė,126,5,25950,0,17551,70,30,6126,72502,0,0,17,2020-03-22 18:00:02.808514
0,1584748800000,VšĮ Vilkpėdės ligoninė,200,2,3150,15,4100,30,84,394,2640,0,0,1,2020-03-22 19:00:05.725116
1,1584662400000,VšĮ Naujininkų poliklinika,0,60,200,0,500,40,0,0,0,0,0,2,2020-03-22 19:00:05.725116
2,1584576000000,VšĮ Vilniaus miesto klinikinė ligoninė,0,350,62000,0,13000,218,97,1600,10000,0,0,3,2020-03-22 19:00:05.725116
3,1584662400000,VšĮ Karoliniškių poliklinika,1000,444,900,0,400,52,97,300,1000,20,0,4,2020-03-22 19:00:05.725116
4,1584835200000,VšĮ Šv. Roko ligoninė,4,20,2000,0,400,4,4,200,3000,0,0,5,2020-03-22 19:00:05.725116
5,1584662400000,VšĮ Antakalnio poliklinika,0,0,150,0,100,0,0,0,1000,0,0,6,2020-03-22 19:00:05.725116
6,1584662400000,VšĮ Lazdynų poliklinika,1000,300,1000,0,200,10,10,150,80,0,0,7,2020-03-22 19:00:05.725116
7,1584662400000,VšĮ Naujosios Vilnios poliklinika,0,0,800,0,300,17,0,0,0,0,0,8,2020-03-22 19:00:05.725116
8,1584662400000,VšĮ Greitosios medicinos pagalbos stotis,200,350,7000,0,200,140,0,0,0,0,0,9,2020-03-22 19:00:05.725116
9,1584662400000,VšĮ Šeškinės poliklinika,60,0,2000,0,150,25,0,0,0,0,0,10,2020-03-22 19:00:05.725116
10,1584662400000,VšĮ Mykolo Marcinkevičiaus ligoninė,80,25,4500,0,2000,50,10,1100,2000,0,0,11,2020-03-22 19:00:05.725116
11,1584662400000,VšĮ Vilniaus miesto psichikos sveikatos centras,39,10,400,10,39,22,0,0,0,0,0,12,2020-03-22 19:00:05.725116
12,1584662400000,"VšĮ Centro poliklinika, Dienos stacionaras",0,70,1500,80,3900,14,0,400,600,0,0,13,2020-03-22 19:00:05.725116
13,1584662400000,BĮ Vilniaus visuomenės sveikatos biuras,450,98,0,0,173,18,68,0,558,0,0,14,2020-03-22 19:00:05.725116
14,1584748800000,BĮ Vilniaus visuomenės sveikatos biuras,450,63,0,0,146,0,39,0,531,0,0,15,2020-03-22 19:00:05.725116
15,1584835200000,BĮ Vilniaus visuomenės sveikatos biuras,450,33,0,0,125,0,29,0,507,0,0,16,2020-03-22 19:00:05.725116
16,1584835200000,VšĮ Respublikinė Vilniaus universitetinė ligoninė,126,5,25950,0,17551,70,30,6126,72502,0,0,17,2020-03-22 19:00:05.725116
0,1584748800000,VšĮ Vilkpėdės ligoninė,200,2,3150,15,4100,30,84,394,2640,0,0,1,2020-03-22 20:00:03.074814
1,1584662400000,VšĮ Naujininkų poliklinika,0,60,200,0,500,40,0,0,0,0,0,2,2020-03-22 20:00:03.074814
2,1584576000000,VšĮ Vilniaus miesto klinikinė ligoninė,0,350,62000,0,13000,218,97,1600,10000,0,0,3,2020-03-22 20:00:03.074814
3,1584662400000,VšĮ Karoliniškių poliklinika,1000,444,900,0,400,52,97,300,1000,20,0,4,2020-03-22 20:00:03.074814
4,1584835200000,VšĮ Šv. Roko ligoninė,4,20,2000,0,400,4,4,200,3000,0,0,5,2020-03-22 20:00:03.074814
5,1584662400000,VšĮ Antakalnio poliklinika,0,0,150,0,100,0,0,0,1000,0,0,6,2020-03-22 20:00:03.074814
6,1584662400000,VšĮ Lazdynų poliklinika,1000,300,1000,0,200,10,10,150,80,0,0,7,2020-03-22 20:00:03.074814
7,1584662400000,VšĮ Naujosios Vilnios poliklinika,0,0,800,0,300,17,0,0,0,0,0,8,2020-03-22 20:00:03.074814
8,1584662400000,VšĮ Greitosios medicinos pagalbos stotis,200,350,7000,0,200,140,0,0,0,0,0,9,2020-03-22 20:00:03.074814
9,1584662400000,VšĮ Šeškinės poliklinika,60,0,2000,0,150,25,0,0,0,0,0,10,2020-03-22 20:00:03.074814
10,1584662400000,VšĮ Mykolo Marcinkevičiaus ligoninė,80,25,4500,0,2000,50,10,1100,2000,0,0,11,2020-03-22 20:00:03.074814
11,1584662400000,VšĮ Vilniaus miesto psichikos sveikatos centras,39,10,400,10,39,22,0,0,0,0,0,12,2020-03-22 20:00:03.074814
12,1584662400000,"VšĮ Centro poliklinika, Dienos stacionaras",0,70,1500,80,3900,14,0,400,600,0,0,13,2020-03-22 20:00:03.074814
13,1584662400000,BĮ Vilniaus visuomenės sveikatos biuras,450,98,0,0,173,18,68,0,558,0,0,14,2020-03-22 20:00:03.074814
14,1584748800000,BĮ Vilniaus visuomenės sveikatos biuras,450,63,0,0,146,0,39,0,531,0,0,15,2020-03-22 20:00:03.074814
15,1584835200000,BĮ Vilniaus visuomenės sveikatos biuras,450,33,0,0,125,0,29,0,507,0,0,16,2020-03-22 20:00:03.074814
16,1584835200000,VšĮ Respublikinė Vilniaus universitetinė ligoninė,126,5,25950,0,17551,70,30,6126,72502,0,0,17,2020-03-22 20:00:03.074814
0,1584748800000,VšĮ Vilkpėdės ligoninė,200,2,3150,15,4100,30,84,394,2640,0,0,1,2020-03-22 21:00:02.835157
1,1584662400000,VšĮ Naujininkų poliklinika,0,60,200,0,500,40,0,0,0,0,0,2,2020-03-22 21:00:02.835157
2,1584576000000,VšĮ Vilniaus miesto klinikinė ligoninė,0,350,62000,0,13000,218,97,1600,10000,0,0,3,2020-03-22 21:00:02.835157
3,1584662400000,VšĮ Karoliniškių poliklinika,1000,444,900,0,400,52,97,300,1000,20,0,4,2020-03-22 21:00:02.835157
4,1584835200000,VšĮ Šv. Roko ligoninė,4,20,2000,0,400,4,4,200,3000,0,0,5,2020-03-22 21:00:02.835157
5,1584662400000,VšĮ Antakalnio poliklinika,0,0,150,0,100,0,0,0,1000,0,0,6,2020-03-22 21:00:02.835157
6,1584662400000,VšĮ Lazdynų poliklinika,1000,300,1000,0,200,10,10,150,80,0,0,7,2020-03-22 21:00:02.835157
7,1584662400000,VšĮ Naujosios Vilnios poliklinika,0,0,800,0,300,17,0,0,0,0,0,8,2020-03-22 21:00:02.835157
8,1584662400000,VšĮ Greitosios medicinos pagalbos stotis,200,350,7000,0,200,140,0,0,0,0,0,9,2020-03-22 21:00:02.835157
9,1584662400000,VšĮ Šeškinės poliklinika,60,0,2000,0,150,25,0,0,0,0,0,10,2020-03-22 21:00:02.835157
10,1584662400000,VšĮ Mykolo Marcinkevičiaus ligoninė,80,25,4500,0,2000,50,10,1100,2000,0,0,11,2020-03-22 21:00:02.835157
11,1584662400000,VšĮ Vilniaus miesto psichikos sveikatos centras,39,10,400,10,39,22,0,0,0,0,0,12,2020-03-22 21:00:02.835157
12,1584662400000,"VšĮ Centro poliklinika, Dienos stacionaras",0,70,1500,80,3900,14,0,400,600,0,0,13,2020-03-22 21:00:02.835157
13,1584662400000,BĮ Vilniaus visuomenės sveikatos biuras,450,98,0,0,173,18,68,0,558,0,0,14,2020-03-22 21:00:02.835157
14,1584748800000,BĮ Vilniaus visuomenės sveikatos biuras,450,63,0,0,146,0,39,0,531,0,0,15,2020-03-22 21:00:02.835157
15,1584835200000,BĮ Vilniaus visuomenės sveikatos biuras,450,33,0,0,125,0,29,0,507,0,0,16,2020-03-22 21:00:02.835157
16,1584835200000,VšĮ Respublikinė Vilniaus universitetinė ligoninė,126,5,25950,0,17551,70,30,6126,72502,0,0,17,2020-03-22 21:00:02.835157
0,1584748800000,VšĮ Vilkpėdės ligoninė,200,2,3150,15,4100,30,84,394,2640,0,0,1,2020-03-22 22:00:04.286849
1,1584662400000,VšĮ Naujininkų poliklinika,0,60,200,0,500,40,0,0,0,0,0,2,2020-03-22 22:00:04.286849
2,1584576000000,VšĮ Vilniaus miesto klinikinė ligoninė,0,350,62000,0,13000,218,97,1600,10000,0,0,3,2020-03-22 22:00:04.286849
3,1584662400000,VšĮ Karoliniškių poliklinika,1000,444,900,0,400,52,97,300,1000,20,0,4,2020-03-22 22:00:04.286849
4,1584835200000,VšĮ Šv. Roko ligoninė,4,20,2000,0,400,4,4,200,3000,0,0,5,2020-03-22 22:00:04.286849
5,1584662400000,VšĮ Antakalnio poliklinika,0,0,150,0,100,0,0,0,1000,0,0,6,2020-03-22 22:00:04.286849
6,1584662400000,VšĮ Lazdynų poliklinika,1000,300,1000,0,200,10,10,150,80,0,0,7,2020-03-22 22:00:04.286849
7,1584662400000,VšĮ Naujosios Vilnios poliklinika,0,0,800,0,300,17,0,0,0,0,0,8,2020-03-22 22:00:04.286849
8,1584662400000,VšĮ Greitosios medicinos pagalbos stotis,200,350,7000,0,200,140,0,0,0,0,0,9,2020-03-22 22:00:04.286849
9,1584662400000,VšĮ Šeškinės poliklinika,60,0,2000,0,150,25,0,0,0,0,0,10,2020-03-22 22:00:04.286849
10,1584662400000,VšĮ Mykolo Marcinkevičiaus ligoninė,80,25,4500,0,2000,50,10,1100,2000,0,0,11,2020-03-22 22:00:04.286849
11,1584662400000,VšĮ Vilniaus miesto psichikos sveikatos centras,39,10,400,10,39,22,0,0,0,0,0,12,2020-03-22 22:00:04.286849
12,1584662400000,"VšĮ Centro poliklinika, Dienos stacionaras",0,70,1500,80,3900,14,0,400,600,0,0,13,2020-03-22 22:00:04.286849
13,1584662400000,BĮ Vilniaus visuomenės sveikatos biuras,450,98,0,0,173,18,68,0,558,0,0,14,2020-03-22 22:00:04.286849
14,1584748800000,BĮ Vilniaus visuomenės sveikatos biuras,450,63,0,0,146,0,39,0,531,0,0,15,2020-03-22 22:00:04.286849
15,1584835200000,BĮ Vilniaus visuomenės sveikatos biuras,450,33,0,0,125,0,29,0,507,0,0,16,2020-03-22 22:00:04.286849
16,1584835200000,VšĮ Respublikinė Vilniaus universitetinė ligoninė,126,5,25950,0,17551,70,30,6126,72502,0,0,17,2020-03-22 22:00:04.286849
0,1584748800000,VšĮ Vilkpėdės ligoninė,200,2,3150,15,4100,30,84,394,2640,0,0,1,2020-03-22 23:00:03.579322
1,1584662400000,VšĮ Naujininkų poliklinika,0,60,200,0,500,40,0,0,0,0,0,2,2020-03-22 23:00:03.579322
2,1584576000000,VšĮ Vilniaus miesto klinikinė ligoninė,0,350,62000,0,13000,218,97,1600,10000,0,0,3,2020-03-22 23:00:03.579322
3,1584662400000,VšĮ Karoliniškių poliklinika,1000,444,900,0,400,52,97,300,1000,20,0,4,2020-03-22 23:00:03.579322
4,1584835200000,VšĮ Šv. Roko ligoninė,4,20,2000,0,400,4,4,200,3000,0,0,5,2020-03-22 23:00:03.579322
5,1584662400000,VšĮ Antakalnio poliklinika,0,0,150,0,100,0,0,0,1000,0,0,6,2020-03-22 23:00:03.579322
6,1584662400000,VšĮ Lazdynų poliklinika,1000,300,1000,0,200,10,10,150,80,0,0,7,2020-03-22 23:00:03.579322
7,1584662400000,VšĮ Naujosios Vilnios poliklinika,0,0,800,0,300,17,0,0,0,0,0,8,2020-03-22 23:00:03.579322
8,1584662400000,VšĮ Greitosios medicinos pagalbos stotis,200,350,7000,0,200,140,0,0,0,0,0,9,2020-03-22 23:00:03.579322
9,1584662400000,VšĮ Šeškinės poliklinika,60,0,2000,0,150,25,0,0,0,0,0,10,2020-03-22 23:00:03.579322
10,1584662400000,VšĮ Mykolo Marcinkevičiaus ligoninė,80,25,4500,0,2000,50,10,1100,2000,0,0,11,2020-03-22 23:00:03.579322
11,1584662400000,VšĮ Vilniaus miesto psichikos sveikatos centras,39,10,400,10,39,22,0,0,0,0,0,12,2020-03-22 23:00:03.579322
12,1584662400000,"VšĮ Centro poliklinika, Dienos stacionaras",0,70,1500,80,3900,14,0,400,600,0,0,13,2020-03-22 23:00:03.579322
13,1584662400000,BĮ Vilniaus visuomenės sveikatos biuras,450,98,0,0,173,18,68,0,558,0,0,14,2020-03-22 23:00:03.579322
14,1584748800000,BĮ Vilniaus visuomenės sveikatos biuras,450,63,0,0,146,0,39,0,531,0,0,15,2020-03-22 23:00:03.579322
15,1584835200000,BĮ Vilniaus visuomenės sveikatos biuras,450,33,0,0,125,0,29,0,507,0,0,16,2020-03-22 23:00:03.579322
16,1584835200000,VšĮ Respublikinė Vilniaus universitetinė ligoninė,126,5,25950,0,17551,70,30,6126,72502,0,0,17,2020-03-22 23:00:03.579322
0,1584748800000,VšĮ Vilkpėdės ligoninė,200,2,3150,15,4100,30,84,394,2640,0,0,1,2020-03-23 00:00:03.679450
1,1584662400000,VšĮ Naujininkų poliklinika,0,60,200,0,500,40,0,0,0,0,0,2,2020-03-23 00:00:03.679450
2,1584576000000,VšĮ Vilniaus miesto klinikinė ligoninė,0,350,62000,0,13000,218,97,1600,10000,0,0,3,2020-03-23 00:00:03.679450
3,1584662400000,VšĮ Karoliniškių poliklinika,1000,444,900,0,400,52,97,300,1000,20,0,4,2020-03-23 00:00:03.679450
4,1584835200000,VšĮ Šv. Roko ligoninė,4,20,2000,0,400,4,4,200,3000,0,0,5,2020-03-23 00:00:03.679450
5,1584662400000,VšĮ Antakalnio poliklinika,0,0,150,0,100,0,0,0,1000,0,0,6,2020-03-23 00:00:03.679450
6,1584662400000,VšĮ Lazdynų poliklinika,1000,300,1000,0,200,10,10,150,80,0,0,7,2020-03-23 00:00:03.679450
7,1584662400000,VšĮ Naujosios Vilnios poliklinika,0,0,800,0,300,17,0,0,0,0,0,8,2020-03-23 00:00:03.679450
8,1584662400000,VšĮ Greitosios medicinos pagalbos stotis,200,350,7000,0,200,140,0,0,0,0,0,9,2020-03-23 00:00:03.679450
9,1584662400000,VšĮ Šeškinės poliklinika,60,0,2000,0,150,25,0,0,0,0,0,10,2020-03-23 00:00:03.679450
10,1584662400000,VšĮ Mykolo Marcinkevičiaus ligoninė,80,25,4500,0,2000,50,10,1100,2000,0,0,11,2020-03-23 00:00:03.679450
11,1584662400000,VšĮ Vilniaus miesto psichikos sveikatos centras,39,10,400,10,39,22,0,0,0,0,0,12,2020-03-23 00:00:03.679450
12,1584662400000,"VšĮ Centro poliklinika, Dienos stacionaras",0,70,1500,80,3900,14,0,400,600,0,0,13,2020-03-23 00:00:03.679450
13,1584662400000,BĮ Vilniaus visuomenės sveikatos biuras,450,98,0,0,173,18,68,0,558,0,0,14,2020-03-23 00:00:03.679450
14,1584748800000,BĮ Vilniaus visuomenės sveikatos biuras,450,63,0,0,146,0,39,0,531,0,0,15,2020-03-23 00:00:03.679450
15,1584835200000,BĮ Vilniaus visuomenės sveikatos biuras,450,33,0,0,125,0,29,0,507,0,0,16,2020-03-23 00:00:03.679450
16,1584835200000,VšĮ Respublikinė Vilniaus universitetinė ligoninė,126,5,25950,0,17551,70,30,6126,72502,0,0,17,2020-03-23 00:00:03.679450
0,1584748800000,VšĮ Vilkpėdės ligoninė,200,2,3150,15,4100,30,84,394,2640,0,0,1,2020-03-23 01:00:03.361384
1,1584662400000,VšĮ Naujininkų poliklinika,0,60,200,0,500,40,0,0,0,0,0,2,2020-03-23 01:00:03.361384
2,1584576000000,VšĮ Vilniaus miesto klinikinė ligoninė,0,350,62000,0,13000,218,97,1600,10000,0,0,3,2020-03-23 01:00:03.361384
3,1584662400000,VšĮ Karoliniškių poliklinika,1000,444,900,0,400,52,97,300,1000,20,0,4,2020-03-23 01:00:03.361384
4,1584835200000,VšĮ Šv. Roko ligoninė,4,20,2000,0,400,4,4,200,3000,0,0,5,2020-03-23 01:00:03.361384
5,1584662400000,VšĮ Antakalnio poliklinika,0,0,150,0,100,0,0,0,1000,0,0,6,2020-03-23 01:00:03.361384
6,1584662400000,VšĮ Lazdynų poliklinika,1000,300,1000,0,200,10,10,150,80,0,0,7,2020-03-23 01:00:03.361384
7,1584662400000,VšĮ Naujosios Vilnios poliklinika,0,0,800,0,300,17,0,0,0,0,0,8,2020-03-23 01:00:03.361384
8,1584662400000,VšĮ Greitosios medicinos pagalbos stotis,200,350,7000,0,200,140,0,0,0,0,0,9,2020-03-23 01:00:03.361384
9,1584662400000,VšĮ Šeškinės poliklinika,60,0,2000,0,150,25,0,0,0,0,0,10,2020-03-23 01:00:03.361384
10,1584662400000,VšĮ Mykolo Marcinkevičiaus ligoninė,80,25,4500,0,2000,50,10,1100,2000,0,0,11,2020-03-23 01:00:03.361384
11,1584662400000,VšĮ Vilniaus miesto psichikos sveikatos centras,39,10,400,10,39,22,0,0,0,0,0,12,2020-03-23 01:00:03.361384
12,1584662400000,"VšĮ Centro poliklinika, Dienos stacionaras",0,70,1500,80,3900,14,0,400,600,0,0,13,2020-03-23 01:00:03.361384
13,1584662400000,BĮ Vilniaus visuomenės sveikatos biuras,450,98,0,0,173,18,68,0,558,0,0,14,2020-03-23 01:00:03.361384
14,1584748800000,BĮ Vilniaus visuomenės sveikatos biuras,450,63,0,0,146,0,39,0,531,0,0,15,2020-03-23 01:00:03.361384
15,1584835200000,BĮ Vilniaus visuomenės sveikatos biuras,450,33,0,0,125,0,29,0,507,0,0,16,2020-03-23 01:00:03.361384
16,1584835200000,VšĮ Respublikinė Vilniaus universitetinė ligoninė,126,5,25950,0,17551,70,30,6126,72502,0,0,17,2020-03-23 01:00:03.361384
0,1584748800000,VšĮ Vilkpėdės ligoninė,200,2,3150,15,4100,30,84,394,2640,0,0,1,2020-03-23 02:00:03.886076
1,1584662400000,VšĮ Naujininkų poliklinika,0,60,200,0,500,40,0,0,0,0,0,2,2020-03-23 02:00:03.886076
2,1584576000000,VšĮ Vilniaus miesto klinikinė ligoninė,0,350,62000,0,13000,218,97,1600,10000,0,0,3,2020-03-23 02:00:03.886076
3,1584662400000,VšĮ Karoliniškių poliklinika,1000,444,900,0,400,52,97,300,1000,20,0,4,2020-03-23 02:00:03.886076
4,1584835200000,VšĮ Šv. Roko ligoninė,4,20,2000,0,400,4,4,200,3000,0,0,5,2020-03-23 02:00:03.886076
5,1584662400000,VšĮ Antakalnio poliklinika,0,0,150,0,100,0,0,0,1000,0,0,6,2020-03-23 02:00:03.886076
6,1584662400000,VšĮ Lazdynų poliklinika,1000,300,1000,0,200,10,10,150,80,0,0,7,2020-03-23 02:00:03.886076
7,1584662400000,VšĮ Naujosios Vilnios poliklinika,0,0,800,0,300,17,0,0,0,0,0,8,2020-03-23 02:00:03.886076
8,1584662400000,VšĮ Greitosios medicinos pagalbos stotis,200,350,7000,0,200,140,0,0,0,0,0,9,2020-03-23 02:00:03.886076
9,1584662400000,VšĮ Šeškinės poliklinika,60,0,2000,0,150,25,0,0,0,0,0,10,2020-03-23 02:00:03.886076
10,1584662400000,VšĮ Mykolo Marcinkevičiaus ligoninė,80,25,4500,0,2000,50,10,1100,2000,0,0,11,2020-03-23 02:00:03.886076
11,1584662400000,VšĮ Vilniaus miesto psichikos sveikatos centras,39,10,400,10,39,22,0,0,0,0,0,12,2020-03-23 02:00:03.886076
12,1584662400000,"VšĮ Centro poliklinika, Dienos stacionaras",0,70,1500,80,3900,14,0,400,600,0,0,13,2020-03-23 02:00:03.886076
13,1584662400000,BĮ Vilniaus visuomenės sveikatos biuras,450,98,0,0,173,18,68,0,558,0,0,14,2020-03-23 02:00:03.886076
14,1584748800000,BĮ Vilniaus visuomenės sveikatos biuras,450,63,0,0,146,0,39,0,531,0,0,15,2020-03-23 02:00:03.886076
15,1584835200000,BĮ Vilniaus visuomenės sveikatos biuras,450,33,0,0,125,0,29,0,507,0,0,16,2020-03-23 02:00:03.886076
16,1584835200000,VšĮ Respublikinė Vilniaus universitetinė ligoninė,126,5,25950,0,17551,70,30,6126,72502,0,0,17,2020-03-23 02:00:03.886076
0,1584748800000,VšĮ Vilkpėdės ligoninė,200,2,3150,15,4100,30,84,394,2640,0,0,1,2020-03-23 03:00:05.562890
1,1584662400000,VšĮ Naujininkų poliklinika,0,60,200,0,500,40,0,0,0,0,0,2,2020-03-23 03:00:05.562890
2,1584576000000,VšĮ Vilniaus miesto klinikinė ligoninė,0,350,62000,0,13000,218,97,1600,10000,0,0,3,2020-03-23 03:00:05.562890
3,1584662400000,VšĮ Karoliniškių poliklinika,1000,444,900,0,400,52,97,300,1000,20,0,4,2020-03-23 03:00:05.562890
4,1584835200000,VšĮ Šv. Roko ligoninė,4,20,2000,0,400,4,4,200,3000,0,0,5,2020-03-23 03:00:05.562890
5,1584662400000,VšĮ Antakalnio poliklinika,0,0,150,0,100,0,0,0,1000,0,0,6,2020-03-23 03:00:05.562890
6,1584662400000,VšĮ Lazdynų poliklinika,1000,300,1000,0,200,10,10,150,80,0,0,7,2020-03-23 03:00:05.562890
7,1584662400000,VšĮ Naujosios Vilnios poliklinika,0,0,800,0,300,17,0,0,0,0,0,8,2020-03-23 03:00:05.562890
8,1584662400000,VšĮ Greitosios medicinos pagalbos stotis,200,350,7000,0,200,140,0,0,0,0,0,9,2020-03-23 03:00:05.562890
9,1584662400000,VšĮ Šeškinės poliklinika,60,0,2000,0,150,25,0,0,0,0,0,10,2020-03-23 03:00:05.562890
10,1584662400000,VšĮ Mykolo Marcinkevičiaus ligoninė,80,25,4500,0,2000,50,10,1100,2000,0,0,11,2020-03-23 03:00:05.562890
11,1584662400000,VšĮ Vilniaus miesto psichikos sveikatos centras,39,10,400,10,39,22,0,0,0,0,0,12,2020-03-23 03:00:05.562890
12,1584662400000,"VšĮ Centro poliklinika, Dienos stacionaras",0,70,1500,80,3900,14,0,400,600,0,0,13,2020-03-23 03:00:05.562890
13,1584662400000,BĮ Vilniaus visuomenės sveikatos biuras,450,98,0,0,173,18,68,0,558,0,0,14,2020-03-23 03:00:05.562890
14,1584748800000,BĮ Vilniaus visuomenės sveikatos biuras,450,63,0,0,146,0,39,0,531,0,0,15,2020-03-23 03:00:05.562890
15,1584835200000,BĮ Vilniaus visuomenės sveikatos biuras,450,33,0,0,125,0,29,0,507,0,0,16,2020-03-23 03:00:05.562890
16,1584835200000,VšĮ Respublikinė Vilniaus universitetinė ligoninė,126,5,25950,0,17551,70,30,6126,72502,0,0,17,2020-03-23 03:00:05.562890
0,1584748800000,VšĮ Vilkpėdės ligoninė,200,2,3150,15,4100,30,84,394,2640,0,0,1,2020-03-23 04:00:04.159769
1,1584662400000,VšĮ Naujininkų poliklinika,0,60,200,0,500,40,0,0,0,0,0,2,2020-03-23 04:00:04.159769
2,1584576000000,VšĮ Vilniaus miesto klinikinė ligoninė,0,350,62000,0,13000,218,97,1600,10000,0,0,3,2020-03-23 04:00:04.159769
3,1584662400000,VšĮ Karoliniškių poliklinika,1000,444,900,0,400,52,97,300,1000,20,0,4,2020-03-23 04:00:04.159769
4,1584835200000,VšĮ Šv. Roko ligoninė,4,20,2000,0,400,4,4,200,3000,0,0,5,2020-03-23 04:00:04.159769
5,1584662400000,VšĮ Antakalnio poliklinika,0,0,150,0,100,0,0,0,1000,0,0,6,2020-03-23 04:00:04.159769
6,1584662400000,VšĮ Lazdynų poliklinika,1000,300,1000,0,200,10,10,150,80,0,0,7,2020-03-23 04:00:04.159769
7,1584662400000,VšĮ Naujosios Vilnios poliklinika,0,0,800,0,300,17,0,0,0,0,0,8,2020-03-23 04:00:04.159769
8,1584662400000,VšĮ Greitosios medicinos pagalbos stotis,200,350,7000,0,200,140,0,0,0,0,0,9,2020-03-23 04:00:04.159769
9,1584662400000,VšĮ Šeškinės poliklinika,60,0,2000,0,150,25,0,0,0,0,0,10,2020-03-23 04:00:04.159769
10,1584662400000,VšĮ Mykolo Marcinkevičiaus ligoninė,80,25,4500,0,2000,50,10,1100,2000,0,0,11,2020-03-23 04:00:04.159769
11,1584662400000,VšĮ Vilniaus miesto psichikos sveikatos centras,39,10,400,10,39,22,0,0,0,0,0,12,2020-03-23 04:00:04.159769
12,1584662400000,"VšĮ Centro poliklinika, Dienos stacionaras",0,70,1500,80,3900,14,0,400,600,0,0,13,2020-03-23 04:00:04.159769
13,1584662400000,BĮ Vilniaus visuomenės sveikatos biuras,450,98,0,0,173,18,68,0,558,0,0,14,2020-03-23 04:00:04.159769
14,1584748800000,BĮ Vilniaus visuomenės sveikatos biuras,450,63,0,0,146,0,39,0,531,0,0,15,2020-03-23 04:00:04.159769
15,1584835200000,BĮ Vilniaus visuomenės sveikatos biuras,450,33,0,0,125,0,29,0,507,0,0,16,2020-03-23 04:00:04.159769
16,1584835200000,VšĮ Respublikinė Vilniaus universitetinė ligoninė,126,5,25950,0,17551,70,30,6126,72502,0,0,17,2020-03-23 04:00:04.159769
0,1584748800000,VšĮ Vilkpėdės ligoninė,200,2,3150,15,4100,30,84,394,2640,0,0,1,2020-03-23 05:00:05.891272
1,1584662400000,VšĮ Naujininkų poliklinika,0,60,200,0,500,40,0,0,0,0,0,2,2020-03-23 05:00:05.891272
2,1584576000000,VšĮ Vilniaus miesto klinikinė ligoninė,0,350,62000,0,13000,218,97,1600,10000,0,0,3,2020-03-23 05:00:05.891272
3,1584662400000,VšĮ Karoliniškių poliklinika,1000,444,900,0,400,52,97,300,1000,20,0,4,2020-03-23 05:00:05.891272
4,1584835200000,VšĮ Šv. Roko ligoninė,4,20,2000,0,400,4,4,200,3000,0,0,5,2020-03-23 05:00:05.891272
5,1584662400000,VšĮ Antakalnio poliklinika,0,0,150,0,100,0,0,0,1000,0,0,6,2020-03-23 05:00:05.891272
6,1584662400000,VšĮ Lazdynų poliklinika,1000,300,1000,0,200,10,10,150,80,0,0,7,2020-03-23 05:00:05.891272
7,1584662400000,VšĮ Naujosios Vilnios poliklinika,0,0,800,0,300,17,0,0,0,0,0,8,2020-03-23 05:00:05.891272
8,1584662400000,VšĮ Greitosios medicinos pagalbos stotis,200,350,7000,0,200,140,0,0,0,0,0,9,2020-03-23 05:00:05.891272
9,1584662400000,VšĮ Šeškinės poliklinika,60,0,2000,0,150,25,0,0,0,0,0,10,2020-03-23 05:00:05.891272
10,1584662400000,VšĮ Mykolo Marcinkevičiaus ligoninė,80,25,4500,0,2000,50,10,1100,2000,0,0,11,2020-03-23 05:00:05.891272
11,1584662400000,VšĮ Vilniaus miesto psichikos sveikatos centras,39,10,400,10,39,22,0,0,0,0,0,12,2020-03-23 05:00:05.891272
12,1584662400000,"VšĮ Centro poliklinika, Dienos stacionaras",0,70,1500,80,3900,14,0,400,600,0,0,13,2020-03-23 05:00:05.891272
13,1584662400000,BĮ Vilniaus visuomenės sveikatos biuras,450,98,0,0,173,18,68,0,558,0,0,14,2020-03-23 05:00:05.891272
14,1584748800000,BĮ Vilniaus visuomenės sveikatos biuras,450,63,0,0,146,0,39,0,531,0,0,15,2020-03-23 05:00:05.891272
15,1584835200000,BĮ Vilniaus visuomenės sveikatos biuras,450,33,0,0,125,0,29,0,507,0,0,16,2020-03-23 05:00:05.891272
16,1584835200000,VšĮ Respublikinė Vilniaus universitetinė ligoninė,126,5,25950,0,17551,70,30,6126,72502,0,0,17,2020-03-23 05:00:05.891272
0,1584748800000,VšĮ Vilkpėdės ligoninė,200,2,3150,15,4100,30,84,394,2640,0,0,1,2020-03-23 06:00:04.596174
1,1584662400000,VšĮ Naujininkų poliklinika,0,60,200,0,500,40,0,0,0,0,0,2,2020-03-23 06:00:04.596174
2,1584576000000,VšĮ Vilniaus miesto klinikinė ligoninė,0,350,62000,0,13000,218,97,1600,10000,0,0,3,2020-03-23 06:00:04.596174
3,1584662400000,VšĮ Karoliniškių poliklinika,1000,444,900,0,400,52,97,300,1000,20,0,4,2020-03-23 06:00:04.596174
4,1584835200000,VšĮ Šv. Roko ligoninė,4,20,2000,0,400,4,4,200,3000,0,0,5,2020-03-23 06:00:04.596174
5,1584662400000,VšĮ Antakalnio poliklinika,0,0,150,0,100,0,0,0,1000,0,0,6,2020-03-23 06:00:04.596174
6,1584662400000,VšĮ Lazdynų poliklinika,1000,300,1000,0,200,10,10,150,80,0,0,7,2020-03-23 06:00:04.596174
7,1584662400000,VšĮ Naujosios Vilnios poliklinika,0,0,800,0,300,17,0,0,0,0,0,8,2020-03-23 06:00:04.596174
8,1584662400000,VšĮ Greitosios medicinos pagalbos stotis,200,350,7000,0,200,140,0,0,0,0,0,9,2020-03-23 06:00:04.596174
9,1584662400000,VšĮ Šeškinės poliklinika,60,0,2000,0,150,25,0,0,0,0,0,10,2020-03-23 06:00:04.596174
10,1584662400000,VšĮ Mykolo Marcinkevičiaus ligoninė,80,25,4500,0,2000,50,10,1100,2000,0,0,11,2020-03-23 06:00:04.596174
11,1584662400000,VšĮ Vilniaus miesto psichikos sveikatos centras,39,10,400,10,39,22,0,0,0,0,0,12,2020-03-23 06:00:04.596174
12,1584662400000,"VšĮ Centro poliklinika, Dienos stacionaras",0,70,1500,80,3900,14,0,400,600,0,0,13,2020-03-23 06:00:04.596174
13,1584662400000,BĮ Vilniaus visuomenės sveikatos biuras,450,98,0,0,173,18,68,0,558,0,0,14,2020-03-23 06:00:04.596174
14,1584748800000,BĮ Vilniaus visuomenės sveikatos biuras,450,63,0,0,146,0,39,0,531,0,0,15,2020-03-23 06:00:04.596174
15,1584835200000,BĮ Vilniaus visuomenės sveikatos biuras,450,33,0,0,125,0,29,0,507,0,0,16,2020-03-23 06:00:04.596174
16,1584835200000,VšĮ Respublikinė Vilniaus universitetinė ligoninė,126,5,25950,0,17551,70,30,6126,72502,0,0,17,2020-03-23 06:00:04.596174
0,1584748800000,VšĮ Vilkpėdės ligoninė,200,2,3150,15,4100,30,84,394,2640,0,0,1,2020-03-23 07:00:07.652770
1,1584662400000,VšĮ Naujininkų poliklinika,0,60,200,0,500,40,0,0,0,0,0,2,2020-03-23 07:00:07.652770
2,1584576000000,VšĮ Vilniaus miesto klinikinė ligoninė,0,350,62000,0,13000,218,97,1600,10000,0,0,3,2020-03-23 07:00:07.652770
3,1584662400000,VšĮ Karoliniškių poliklinika,1000,444,900,0,400,52,97,300,1000,20,0,4,2020-03-23 07:00:07.652770
4,1584835200000,VšĮ Šv. Roko ligoninė,4,20,2000,0,400,4,4,200,3000,0,0,5,2020-03-23 07:00:07.652770
5,1584662400000,VšĮ Antakalnio poliklinika,0,0,150,0,100,0,0,0,1000,0,0,6,2020-03-23 07:00:07.652770
6,1584662400000,VšĮ Lazdynų poliklinika,1000,300,1000,0,200,10,10,150,80,0,0,7,2020-03-23 07:00:07.652770
7,1584662400000,VšĮ Naujosios Vilnios poliklinika,0,0,800,0,300,17,0,0,0,0,0,8,2020-03-23 07:00:07.652770
8,1584662400000,VšĮ Greitosios medicinos pagalbos stotis,200,350,7000,0,200,140,0,0,0,0,0,9,2020-03-23 07:00:07.652770
9,1584662400000,VšĮ Šeškinės poliklinika,60,0,2000,0,150,25,0,0,0,0,0,10,2020-03-23 07:00:07.652770
10,1584662400000,VšĮ Mykolo Marcinkevičiaus ligoninė,80,25,4500,0,2000,50,10,1100,2000,0,0,11,2020-03-23 07:00:07.652770
11,1584662400000,VšĮ Vilniaus miesto psichikos sveikatos centras,39,10,400,10,39,22,0,0,0,0,0,12,2020-03-23 07:00:07.652770
12,1584662400000,"VšĮ Centro poliklinika, Dienos stacionaras",0,70,1500,80,3900,14,0,400,600,0,0,13,2020-03-23 07:00:07.652770
13,1584662400000,BĮ Vilniaus visuomenės sveikatos biuras,450,98,0,0,173,18,68,0,558,0,0,14,2020-03-23 07:00:07.652770
14,1584748800000,BĮ Vilniaus visuomenės sveikatos biuras,450,63,0,0,146,0,39,0,531,0,0,15,2020-03-23 07:00:07.652770
15,1584835200000,BĮ Vilniaus visuomenės sveikatos biuras,450,33,0,0,125,0,29,0,507,0,0,16,2020-03-23 07:00:07.652770
16,1584835200000,VšĮ Respublikinė Vilniaus universitetinė ligoninė,126,5,25950,0,17551,70,30,6126,72502,0,0,17,2020-03-23 07:00:07.652770
